Feature,Importance
NDRE_개화후2주,0.013651647241307685
NDVI_개화기,0.020650611558540595
RVI_개화후4주,0.023796558500407468
RVI_개화후2주,0.031011153142378192
NDVI_개화후4주,0.03271917441363392
GNDVI_개화기,0.03298938971700291
NDVI_개화후2주,0.04931959134292254
CVI_개화후4주,0.050861876661002815
CVI_개화기,0.05100299136756267
RVI_개화기,0.06045811467895516
GNDVI_개화후2주,0.06563715829430014
GNDVI_개화후4주,0.07047220232119067
NDRE_개화후4주,0.1259444098726929
NDRE_개화기,0.1275598306954117
CVI_개화후2주,0.2439252901926905
