Feature,Importance
RVI_개화후2주,0.0
RVI_개화후4주,0.0
GNDVI_개화후4주,7.886573e-09
NDRE_개화후2주,2.0454178e-05
GNDVI_개화기,0.00021587753
CVI_개화후4주,0.0013029234
NDVI_개화기,0.004009768
CVI_개화기,0.016685514
RVI_개화기,0.02324986
NDVI_개화후2주,0.06693016
NDVI_개화후4주,0.072536826
CVI_개화후2주,0.15977779
NDRE_개화후4주,0.16331944
GNDVI_개화후2주,0.17097318
NDRE_개화기,0.32097816
